{
    "Pau": {
        "Cahors": 193,
        "Montpellier": 345,
        "Bourges": 471,
        "Orléans": 542
    },
    "Cahors": {
        "Pau": 193,
        "Montpellier": 216,
        "Bourges": 302,
        "Orléans": 385
    },
    "Montpellier": {
        "Pau": 345,
        "Cahors": 216,
        "Bourges": 402,
        "Orléans": 497
    },
    "Bourges": {
        "Pau": 471,
        "Cahors": 302,
        "Montpellier": 402,
        "Orléans": 98
    },
    "Orléans": {
        "Pau": 542,
        "Cahors": 385,
        "Montpellier": 497,
        "Bourges": 98
    }
}