INE,nom,prénom,naissance,classe
52379,Rivière,Jacques,2000-07-22,1E
19171,Maury,Noël,2003-02-28,1E
96860,Laine,Laetitia,2004-08-07,1F
67219,Petit,Anne,2004-09-25,1B
61100,Bouvet,André,2000-10-25,1B
38011,Lopez,Édith,2001-01-09,1G
20802,Dupré,Joseph,2004-04-17,1A
82317,Bonnin,Jacques,2000-06-13,1E
60916,Lopez,Martine,2005-04-25,1G
28181,Morin,Sébastien,2000-03-02,1G
64387,Charpentier,Thérèse,2001-09-15,1G
30814,Vincent,René,2006-11-17,1D
22494,Maillet,Diane,2000-05-29,1D
41477,Blanchet,Amélie,2003-08-20,1E
31544,Boulay,Bertrand,2006-04-28,1D
95494,Poulain,Tristan,2001-06-29,1B
79524,Pinto,Patrick,2004-09-29,1B
59422,Blin,Françoise,2005-12-10,1D
10144,Collin,Marc,2002-12-27,1F
52706,Coste,Aurélie,2006-04-20,1G
98195,Baron,Isabelle,2006-03-08,1E
95780,Letellier,Andrée,2001-07-26,1A
68847,Texier,Marie,2001-12-23,1G
26602,Germain,Christiane,2003-02-18,1G
11897,Potier,Émilie,2000-10-21,1B
52530,Grenier,Emmanuelle,2005-01-19,1E
81415,Pottier,Gérard,2006-12-09,1C
58905,Bruneau,Agathe,2004-02-08,1C
58702,Le Gall,Clémence,2006-07-04,1A
44403,Petitjean,François,2001-02-27,1B
80349,Dias,Élisabeth,2004-10-17,1G
35788,Dupont,Françoise,2002-12-28,1B
99701,Bertrand,Nath,2006-10-24,1C
71409,Menard,Christiane,2005-11-23,1A
38940,Alves,Alix,2004-05-31,1C
16275,Ferrand,Nathalie,2002-02-14,1A
32137,Normand,Suzanne,2004-07-08,1D
45368,Cohen,Édouard,2002-08-22,1A
28412,Boucher,Joseph,2003-12-29,1C
79676,Rodrigues,Nicolas,2005-02-18,1A
11124,Schmitt,Robert,2002-01-16,1B
89912,Grondin,Alain,2004-02-17,1A
12514,Schmitt,Alain,2002-11-23,1E
24840,Bonnin,Étienne,2004-06-21,1C
75813,Bègue,Henriette,2002-05-14,1C
60070,Albert,Cécile,2006-05-19,1D
65066,Gaudin,Marine,2003-02-09,1C
73266,Lefort,Denis,2005-05-18,1G
44043,Bousquet,Zoé,2006-05-02,1D
37879,Pruvost,Paul,2004-05-10,1F
56278,Nguyen,Jacques,2005-10-03,1A
46082,Lebrun,Jean,2005-09-16,1E
73611,Regnier,Astrid,2005-05-14,1A
18796,Ledoux,Rémy,2001-03-30,1E
91490,Bonnin,Alexandrie,2005-06-08,1F
74986,Brun,Juliette,2005-07-18,1E
74921,Poirier,Olivier,2004-09-26,1A
16010,Michel,Pierre,2005-09-05,1F
39856,Payet,Anouk,2003-10-05,1A
57435,Fabre,Margaret,2003-05-30,1A
86741,Delahaye,Suzanne,2006-11-30,1B
78064,Millet,Camille,2002-11-14,1E
62465,Roux,Guy,2003-03-07,1E
18540,Richard,Adèle,2006-12-08,1G
57258,Georges,Jacques,2002-12-03,1B
86512,Maillet,Margaud,2006-12-23,1B
37594,Camus,Gérard,2005-11-02,1E
55917,Bouvier,Alexandrie,2005-02-01,1A
17696,Jacques,Éric,2002-06-11,1F
97254,De Sousa,Alphonse,2004-05-10,1G
56073,Descamps,Jérôme,2003-09-10,1E
44969,Lagarde,Étienne,2003-11-30,1A
65131,Grégoire,Charlotte,2000-03-17,1G
42363,Michaud,Christine,2005-03-21,1C
93041,Leroy,Éléonore,2000-12-21,1G
72282,Lemaire,Françoise,2006-06-25,1E
49955,Grégoire,Cécile,2002-10-28,1F
94618,Grégoire,Stéphanie,2006-12-16,1D
17724,Guyot,Édouard,2001-01-12,1A
80916,Faivre,Jeanne,2002-11-13,1G
65045,Legrand,Alfred,2001-04-22,1F
85306,Maillard,Martin,2006-02-17,1F
16531,Bernard,Noémi,2002-04-12,1D
13350,Da Silva,Susan,2003-04-12,1E
17899,Collet,Franck,2006-08-31,1C
90958,Schneider,Éléonore,2005-11-20,1E
86547,Pierre,Céline,2005-01-06,1E
14922,Baudry,Lucy,2000-03-03,1E
78744,Brun,Gabrielle,2006-04-17,1A
25314,Marie,Pauline,2002-10-09,1D
21022,Hebert,Frédérique,2006-01-01,1B
38215,Loiseau,Valérie,2002-04-24,1C
92839,Mary,Thomas,2003-04-23,1D
88040,Seguin,Margot,2005-07-14,1F
23756,Vaillant,Danielle,2000-04-30,1B
82541,Leleu,Christophe,2006-10-30,1D
57864,Rousseau,Marie,2001-09-01,1F
75249,Colas,Denis,2002-09-19,1A
76192,Imbert,Patrick,2001-04-12,1A
88648,Dupuis,Anne,2005-07-16,1C
66015,Lefebvre,Audrey,2005-01-09,1A
52921,Leroy,Patricia,2005-12-12,1B
43240,Philippe,Théophile,2000-11-04,1B
81242,Picard,Auguste,2005-04-19,1A
40335,Bruneau,Célina,2006-04-02,1G
71519,Adam,Hortense,2004-12-05,1D
16178,Parent,Michelle,2001-04-07,1B
38614,Aubert,Henri,2006-01-05,1F
82266,Vidal,Éric,2002-06-14,1F
39395,Mallet,Honoré,2001-03-18,1C
48521,Georges,Véronique,2005-01-06,1F
40642,Perrin,Arthur,2000-05-28,1E
46443,Bouvet,Xavier,2005-08-28,1G
82662,Prévost,Théodore,2006-07-19,1G
70188,Le Roux,Éléonore,2001-11-01,1E
93237,De Sousa,Xavier,2000-10-07,1C
68524,Mallet,Alfred,2006-06-21,1C
94069,Ollivier,Gilbert,2001-04-21,1B
94704,Petit,Marie,2004-06-09,1B
88341,Lemaire,Valérie,2005-03-28,1G
63499,Parent,Mathilde,2004-10-01,1G
15085,Fontaine,Odette,2005-08-18,1B
93785,Denis,Astrid,2006-10-06,1G
49562,Mathieu,Paul,2001-06-23,1C
88229,Neveu,Clémence,2006-01-30,1B
80154,Blanchard,Christine,2006-09-14,1G
95012,Pascal,Élisabeth,2003-04-25,1E
25966,Nguyen,Marianne,2004-06-16,1B
41128,Joly,Laetitia,2004-06-01,1B
14824,Dupuis,François,2004-01-15,1G
75622,Olivier,Inès,2006-07-10,1D
56888,Courtois,Françoise,2004-08-21,1G
18155,Marchand,André,2004-08-13,1G
74495,Martin,Charles,2001-09-14,1D
90511,Rodriguez,Richard,2004-08-04,1F
35489,Perrot,Clémence,2005-03-19,1D
69454,Blondel,Thibault,2000-01-19,1C
33031,Guérin,Philippe,2001-07-29,1A
75507,Lemoine,Théophile,2004-11-08,1C
20568,Rodrigues,Paul,2004-07-15,1C
50290,Collin,Arnaude,2006-09-22,1E
92821,Perrin,Anaïs,2001-09-11,1B
36693,Lebon,Charles,2000-04-08,1A
67588,Rodriguez,Thibault,2001-01-14,1D
13035,Menard,Gabrielle,2004-04-17,1F
60303,Vidal,Laurence,2004-12-08,1A
74330,Teixeira,Nicole,2003-10-20,1D
57557,Bonneau,Agnès,2000-11-05,1C
84745,Dupuis,Augustin,2003-06-08,1F
52799,Rodriguez,Geneviève,2001-01-11,1F
48816,Pons,Nicole,2003-04-27,1D
27703,Brunel,Jérôme,2005-04-05,1D
67807,Mary,Étienne,2006-06-06,1D
67625,Leleu,Julien,2002-03-20,1C
27356,Huet,Vincent,2006-07-13,1B
54438,Morvan,Capucine,2005-02-14,1F
26447,Jourdan,Matthieu,2000-09-19,1D
91757,Paul,Sébastien,2004-08-11,1C
78448,Dufour,Adrienne,2004-03-14,1D
94212,Thomas,Renée,2004-12-14,1C
27729,Renard,Nathalie,2002-05-16,1C
52160,Royer,William,2001-06-06,1G
86248,Guillou,Frédérique,2000-12-15,1B
30422,Rey,Auguste,2006-06-07,1G
81141,Georges,Théodore,2006-01-07,1A
44453,Chrétien,Michel,2006-04-17,1D
32797,Da Costa,Nathalie,2000-03-30,1F
42684,Henry,Claire,2002-04-21,1F
64059,Leclercq,Émile,2001-03-16,1C
83137,Guyon,Julien,2006-01-07,1B
29348,Mallet,Sophie,2003-06-01,1E
53024,Lebreton,Suzanne,2000-07-30,1F
29904,Antoine,Joséphine,2003-05-31,1G
72032,Traore,Paulette,2006-12-27,1E
15083,Albert,Aurore,2001-05-07,1E
30966,Humbert,Marie,2000-04-23,1C
39988,Guilbert,Cécile,2003-10-18,1A
97028,Simon,Auguste,2002-05-12,1D
21808,Deschamps,Margot,2005-02-22,1G
98839,Hoareau,Gilbert,2003-08-09,1D
41562,Rousseau,Clémence,2002-11-19,1F
38801,Dupuy,Hugues,2006-02-24,1F
91117,Pottier,Michel,2006-02-08,1A
52923,Leblanc,Alexandrie,2001-07-12,1F
21275,Guillet,Gabriel,2002-07-21,1B
22805,Perrot,Benoît,2006-01-19,1C
68896,Chauvin,Éléonore,2003-12-13,1E
48334,Paris,Louise,2003-12-26,1C
50745,Pires,Georges,2000-04-24,1F
66608,Clerc,Nath,2004-09-04,1D
55887,Chevalier,Océane,2004-02-25,1D
25818,Descamps,Amélie,2004-08-18,1A
26487,Fontaine,Édouard,2001-07-15,1E
30020,Dijoux,Denis,2003-04-02,1C
34007,Bernard,Émilie,2002-06-10,1G
69318,Chauvin,Célina,2001-09-25,1B
48332,Julien,Marthe,2002-10-23,1F
73733,Julien,Noémi,2005-12-18,1F
36626,Chauvet,Caroline,2006-10-02,1G
89523,Neveu,Dorothée,2001-02-03,1B
41025,Faure,Anne,2005-11-26,1E
45151,Robert,Maggie,2002-09-15,1A
19225,Baudry,Victoire,2004-03-14,1B
80072,Fleury,Mathilde,2006-01-16,1G
17539,Rousset,Marianne,2001-08-23,1D
36794,Noël,Célina,2002-08-21,1B
88264,Pons,Sylvie,2002-12-17,1D
12864,Renault,Benjamin,2005-06-10,1C
43352,Vasseur,Anne,2003-09-22,1E
31449,Mace,Aurélie,2002-04-24,1F
72763,Blanchard,Joseph,2006-11-05,1A
61853,Lenoir,Olivier,2002-01-07,1B
10479,Benard,Daniel,2002-11-11,1A
11656,Duval,Noël,2004-05-20,1G
26579,Regnier,Benoît,2006-06-09,1D
25490,Rossi,Audrey,2000-10-15,1A
32941,Masson,David,2000-09-16,1B
55790,Gosselin,Christelle,2003-03-18,1C
62878,Lombard,Augustin,2004-11-30,1F
72737,Huet,Louise,2005-08-06,1F
77370,Ledoux,Roland,2006-03-06,1C
70488,Besnard,Jacques,2004-05-07,1A
98081,Pruvost,Audrey,2000-05-10,1E
57541,Vasseur,Émilie,2006-06-04,1E
20436,Hubert,Marc,2006-09-27,1B
29139,Guillou,Claire,2005-09-01,1D
59430,Denis,Juliette,2005-10-15,1F
96398,De Sousa,Isabelle,2005-12-04,1D
20651,Bailly,Pauline,2003-08-10,1B
16914,Rémy,Thierry,2006-08-31,1F
91555,Bertin,Roger,2002-04-23,1C
85871,Lefèvre,Arnaude,2004-03-31,1E
11665,Marion,Timothée,2001-04-20,1F
94198,Payet,Christiane,2002-02-08,1G
98966,Duval,Odette,2002-12-15,1D
61605,Gaudin,Monique,2005-03-31,1D
42531,Wagner,Jeanne,2003-01-20,1F
45504,Carlier,Julien,2001-02-04,1C
83591,Georges,Joseph,2002-03-26,1G
97262,Labbé,Marguerite,2004-03-21,1E
81792,Guérin,Sabine,2003-11-04,1G
63255,Pichon,Arnaude,2003-08-26,1C
75977,Lombard,Lucas,2002-02-25,1A
88627,Morin,Dominique,2001-11-26,1E
95268,Jacquet,Astrid,2005-08-30,1A
