INE,spe1,spe2,spe3,moyspe1,moyspe2,moyspe3
52379,SVT,LLCE-AMC,NSI,7.5,11.73,12.8
19171,NSI,EPPCS,HLP,7.36,12.51,14.08
96860,Maths,SES,NSI,15.04,11.06,16.71
67219,Maths,Physique-Chimie,NSI,8.17,10.48,8.92
61100,SVT,Physique-Chimie,NSI,13.49,18.48,11.18
38011,Physique-Chimie,SVT,LLCE-AMC,9.42,14.94,16.9
20802,HGGSP,LLCE,EPPCS,8.31,10.01,10.01
82317,HLP,LLCE,NSI,16.07,13.3,10.0
60916,SVT,Maths,EPPCS,11.57,8.54,16.14
28181,EPPCS,SVT,NSI,8.42,16.04,16.31
64387,HGGSP,SVT,Physique-Chimie,14.84,18.73,11.59
30814,HGGSP,EPPCS,LLCE,17.75,8.55,16.41
22494,Physique-Chimie,SVT,NSI,16.39,10.96,18.69
41477,EPPCS,SVT,Physique-Chimie,10.25,11.46,10.54
31544,SES,EPPCS,NSI,13.38,6.59,8.62
95494,Physique-Chimie,Maths,HLP,14.98,12.12,15.17
79524,EPPCS,SVT,HGGSP,12.15,18.39,10.96
59422,HGGSP,EPPCS,SES,8.02,5.57,18.12
10144,EPPCS,SES,LLCE-AMC,9.65,6.49,16.3
52706,EPPCS,HGGSP,Maths,5.09,6.65,17.9
98195,LLCE,Maths,SES,10.63,7.04,18.9
95780,HLP,LLCE,HGGSP,16.69,17.59,8.37
68847,SES,EPPCS,Physique-Chimie,14.53,13.27,5.54
26602,Maths,Physique-Chimie,EPPCS,5.81,7.35,14.65
11897,Maths,HGGSP,NSI,17.71,17.3,6.35
52530,NSI,HGGSP,SVT,11.7,6.04,14.36
81415,HLP,LLCE-AMC,SVT,18.68,7.29,9.84
58905,LLCE,Physique-Chimie,Maths,13.95,16.01,11.73
58702,HLP,HGGSP,SVT,5.93,14.11,17.34
44403,HGGSP,SES,Physique-Chimie,18.87,18.91,14.47
80349,Physique-Chimie,LLCE,SVT,14.01,17.44,12.51
35788,NSI,HGGSP,SVT,16.11,6.33,15.04
99701,LLCE-AMC,SVT,NSI,11.2,18.93,18.47
71409,HLP,Maths,LLCE-AMC,14.53,18.77,6.91
38940,HLP,EPPCS,Maths,14.73,5.09,5.3
16275,SES,HLP,LLCE-AMC,5.24,9.89,10.06
32137,Physique-Chimie,LLCE-AMC,Maths,10.14,14.07,8.9
45368,SVT,LLCE-AMC,HGGSP,13.09,15.34,17.09
28412,EPPCS,SVT,HGGSP,8.14,10.96,8.36
79676,Maths,HLP,SES,7.02,10.24,11.9
11124,SVT,NSI,EPPCS,6.27,6.15,10.14
89912,SES,NSI,HLP,13.38,15.3,9.96
12514,NSI,Maths,HGGSP,6.55,7.71,5.54
24840,HGGSP,EPPCS,NSI,18.41,9.94,11.54
75813,EPPCS,LLCE,HGGSP,17.52,5.54,14.55
60070,EPPCS,HGGSP,HLP,11.06,12.78,13.22
65066,HLP,LLCE-AMC,LLCE,9.8,12.81,18.12
73266,HLP,LLCE,EPPCS,12.48,9.51,5.81
44043,EPPCS,LLCE-AMC,NSI,13.91,6.57,16.11
37879,HGGSP,NSI,SES,14.19,17.95,16.37
56278,LLCE,SES,HGGSP,12.13,15.18,7.06
46082,EPPCS,LLCE,NSI,14.26,15.26,12.07
73611,HLP,LLCE,HGGSP,17.74,8.9,16.67
18796,SES,NSI,Maths,12.16,6.57,13.07
91490,SVT,SES,HLP,18.33,12.45,7.21
74986,HLP,SES,LLCE,8.22,15.11,13.55
74921,HGGSP,LLCE,LLCE-AMC,7.85,13.78,14.45
16010,LLCE,Physique-Chimie,NSI,14.53,16.97,8.83
39856,LLCE,SES,Physique-Chimie,15.82,18.28,9.08
57435,HLP,SES,LLCE,11.03,8.26,14.96
86741,HGGSP,EPPCS,LLCE,14.81,18.19,5.47
78064,NSI,LLCE-AMC,EPPCS,18.01,7.96,16.52
62465,SVT,EPPCS,Maths,7.85,10.78,17.26
18540,Maths,LLCE,LLCE-AMC,14.99,16.64,10.11
57258,SVT,Maths,HGGSP,13.97,18.84,17.09
86512,NSI,SES,Maths,15.32,9.41,15.33
37594,EPPCS,HLP,HGGSP,5.2,10.75,16.62
55917,LLCE-AMC,NSI,HGGSP,7.89,14.78,10.76
17696,EPPCS,Physique-Chimie,LLCE,11.27,16.45,10.62
97254,LLCE-AMC,NSI,HLP,16.8,6.83,10.2
56073,HGGSP,LLCE,EPPCS,8.01,7.69,16.31
44969,SES,NSI,Maths,7.92,18.39,16.83
65131,SES,LLCE-AMC,SVT,7.16,9.2,9.69
42363,SES,NSI,HGGSP,10.78,18.15,7.84
93041,HGGSP,EPPCS,Physique-Chimie,18.38,11.73,16.38
72282,Physique-Chimie,LLCE-AMC,SES,5.15,5.46,11.86
49955,SES,EPPCS,LLCE,6.16,5.04,5.84
94618,SES,LLCE-AMC,HGGSP,14.85,10.23,16.99
17724,EPPCS,SES,Physique-Chimie,5.87,11.87,5.45
80916,NSI,Physique-Chimie,Maths,17.47,12.17,14.78
65045,EPPCS,SVT,Physique-Chimie,12.8,14.81,16.95
85306,SES,SVT,Maths,18.67,12.03,5.77
16531,Physique-Chimie,LLCE-AMC,NSI,11.97,15.97,16.46
13350,LLCE-AMC,HLP,SES,7.41,11.93,14.95
17899,SES,SVT,Maths,13.27,7.29,5.69
90958,Physique-Chimie,HGGSP,HLP,9.59,12.6,5.26
86547,EPPCS,LLCE-AMC,NSI,15.05,7.76,15.11
14922,LLCE-AMC,HLP,NSI,16.54,6.81,15.26
78744,SES,LLCE-AMC,Maths,18.19,9.07,8.49
25314,EPPCS,SES,LLCE,15.09,9.14,11.34
21022,LLCE,SVT,Physique-Chimie,13.42,13.07,13.68
38215,Physique-Chimie,SES,HGGSP,15.65,10.56,13.51
92839,NSI,Maths,SVT,12.59,15.98,6.11
88040,Maths,EPPCS,HLP,12.78,12.12,9.93
23756,Maths,EPPCS,HGGSP,16.18,6.88,14.68
82541,Physique-Chimie,LLCE-AMC,HGGSP,5.17,13.05,5.28
57864,SVT,Maths,HGGSP,16.3,6.08,16.96
75249,HGGSP,Physique-Chimie,Maths,13.86,11.4,11.61
76192,SES,LLCE,HLP,16.22,11.83,15.87
88648,HLP,NSI,SES,14.06,15.79,9.63
66015,LLCE-AMC,HLP,SVT,18.81,15.85,10.63
52921,Physique-Chimie,LLCE,HGGSP,16.3,13.52,15.96
43240,LLCE-AMC,SES,NSI,13.4,15.51,5.42
81242,LLCE,HGGSP,HLP,7.19,6.88,7.4
40335,LLCE-AMC,LLCE,EPPCS,11.94,10.06,9.6
71519,Maths,HGGSP,EPPCS,9.3,11.46,13.01
16178,HLP,EPPCS,NSI,11.15,12.76,8.96
38614,LLCE,HGGSP,LLCE-AMC,8.9,16.76,5.16
82266,SVT,Maths,EPPCS,10.29,6.56,13.61
39395,LLCE,Physique-Chimie,SES,17.39,17.48,14.29
48521,Physique-Chimie,HLP,SVT,7.07,6.35,6.15
40642,Physique-Chimie,EPPCS,LLCE,9.94,18.2,13.9
46443,HGGSP,EPPCS,NSI,9.57,15.38,10.35
82662,LLCE-AMC,LLCE,SES,9.76,11.43,6.95
70188,NSI,LLCE,LLCE-AMC,8.83,14.11,11.16
93237,LLCE-AMC,SES,EPPCS,18.78,11.5,7.23
68524,HLP,Physique-Chimie,LLCE,13.46,16.42,14.53
94069,Physique-Chimie,SES,LLCE,12.8,5.55,6.06
94704,SES,EPPCS,SVT,15.44,15.73,13.48
88341,Physique-Chimie,HGGSP,LLCE-AMC,8.97,10.56,14.93
63499,SVT,SES,LLCE-AMC,16.76,15.06,8.11
15085,SES,NSI,EPPCS,17.97,8.98,8.21
93785,EPPCS,HLP,Physique-Chimie,14.29,10.08,6.49
49562,SVT,Physique-Chimie,LLCE-AMC,11.2,5.69,7.58
88229,NSI,Physique-Chimie,HLP,6.89,8.89,7.94
80154,HGGSP,LLCE-AMC,NSI,17.32,10.16,10.71
95012,HGGSP,SES,EPPCS,16.77,12.74,11.53
25966,LLCE-AMC,SES,HGGSP,13.83,7.96,9.14
41128,HLP,Physique-Chimie,HGGSP,8.93,10.74,7.51
14824,SVT,SES,LLCE,7.63,12.01,11.2
75622,HLP,HGGSP,EPPCS,6.59,16.95,16.5
56888,SVT,SES,EPPCS,11.55,9.19,17.68
18155,Maths,EPPCS,HGGSP,10.94,5.14,10.59
74495,Physique-Chimie,HGGSP,NSI,13.66,12.39,14.32
90511,SES,Physique-Chimie,Maths,9.97,7.65,18.9
35489,NSI,LLCE,Physique-Chimie,16.63,7.84,11.14
69454,HGGSP,LLCE-AMC,HLP,18.65,18.98,12.55
33031,HGGSP,HLP,Maths,5.84,13.12,10.73
75507,LLCE-AMC,SVT,EPPCS,17.26,16.19,11.51
20568,Maths,NSI,SVT,16.52,11.31,14.42
50290,Physique-Chimie,NSI,LLCE-AMC,16.27,14.59,13.26
92821,EPPCS,NSI,LLCE,8.42,13.07,10.69
36693,HLP,LLCE-AMC,SVT,17.19,15.11,8.01
67588,HLP,EPPCS,SVT,11.5,12.5,18.7
13035,HGGSP,EPPCS,SES,9.84,18.74,5.75
60303,HGGSP,LLCE,SES,17.1,16.94,12.17
74330,LLCE,EPPCS,HLP,11.2,10.79,8.47
57557,LLCE,SES,SVT,11.48,13.61,6.54
84745,Maths,HGGSP,EPPCS,8.55,11.2,11.13
52799,EPPCS,HGGSP,Physique-Chimie,6.18,11.88,7.93
48816,HLP,Physique-Chimie,SES,5.67,12.78,7.21
27703,LLCE,EPPCS,SES,12.68,17.05,17.25
67807,NSI,Maths,SVT,10.78,15.53,6.63
67625,HLP,LLCE,SES,15.12,11.94,7.9
27356,HLP,LLCE-AMC,Maths,9.97,15.94,13.82
54438,LLCE,LLCE-AMC,SVT,11.89,10.72,13.51
26447,SVT,LLCE-AMC,LLCE,16.0,15.14,14.25
91757,LLCE-AMC,EPPCS,SES,13.18,6.97,12.4
78448,HLP,LLCE-AMC,NSI,11.53,9.24,17.0
94212,SES,Maths,SVT,9.22,8.03,15.94
27729,LLCE,HLP,EPPCS,15.08,6.69,18.63
52160,HLP,Physique-Chimie,HGGSP,5.02,6.3,12.06
86248,LLCE-AMC,EPPCS,Maths,17.34,10.66,13.95
30422,NSI,LLCE-AMC,Maths,18.45,7.93,10.13
81141,SES,HGGSP,NSI,15.83,5.46,8.44
44453,SES,EPPCS,Maths,6.73,9.29,17.1
32797,EPPCS,NSI,Maths,15.34,13.87,13.26
42684,NSI,Physique-Chimie,LLCE-AMC,12.33,6.47,11.75
64059,EPPCS,NSI,SES,8.54,6.59,13.22
83137,NSI,LLCE-AMC,EPPCS,9.11,9.54,16.79
29348,EPPCS,NSI,SES,15.17,16.75,8.35
53024,Physique-Chimie,Maths,LLCE,8.55,14.9,13.66
29904,SVT,EPPCS,HLP,17.78,15.63,18.74
72032,Maths,HGGSP,EPPCS,18.87,12.3,12.48
15083,HGGSP,Maths,LLCE-AMC,5.02,12.71,8.56
30966,Maths,EPPCS,HGGSP,9.74,9.26,18.86
39988,LLCE-AMC,EPPCS,Physique-Chimie,8.08,15.28,6.17
97028,NSI,HLP,EPPCS,6.62,18.61,9.05
21808,HLP,Physique-Chimie,LLCE-AMC,10.58,14.94,15.12
98839,Physique-Chimie,LLCE,Maths,12.51,16.04,5.24
41562,HGGSP,NSI,Maths,9.26,14.34,6.27
38801,SVT,NSI,LLCE-AMC,18.24,12.67,18.85
91117,LLCE-AMC,NSI,HLP,5.63,15.3,7.24
52923,SVT,HGGSP,LLCE,14.56,11.03,17.74
21275,Physique-Chimie,EPPCS,LLCE-AMC,7.97,18.03,13.28
22805,HLP,Maths,LLCE-AMC,13.95,14.79,12.73
68896,HGGSP,Maths,Physique-Chimie,13.47,6.35,17.55
48334,EPPCS,SES,Maths,11.07,15.2,13.74
50745,SVT,NSI,Physique-Chimie,13.95,8.57,10.27
66608,EPPCS,LLCE,NSI,13.92,10.24,9.75
55887,HGGSP,SES,LLCE,16.02,18.51,15.03
25818,SVT,SES,Maths,15.0,12.67,9.11
26487,HGGSP,LLCE-AMC,Maths,14.21,11.95,8.24
30020,EPPCS,Maths,Physique-Chimie,10.73,6.74,11.53
34007,HLP,LLCE-AMC,SES,8.97,6.85,6.56
69318,Physique-Chimie,SES,EPPCS,16.97,17.1,10.77
48332,Maths,HGGSP,LLCE,17.94,9.74,13.49
73733,LLCE-AMC,EPPCS,HLP,8.97,5.09,17.7
36626,Maths,SVT,SES,5.71,8.28,5.3
89523,LLCE,HGGSP,HLP,12.98,11.49,9.15
41025,HGGSP,SES,LLCE-AMC,18.02,17.53,6.32
45151,SES,LLCE-AMC,EPPCS,17.0,8.62,18.55
19225,EPPCS,Physique-Chimie,SES,5.72,8.62,5.07
80072,SES,Physique-Chimie,EPPCS,11.46,11.95,18.87
17539,HLP,SVT,LLCE-AMC,5.46,7.15,6.58
36794,NSI,HGGSP,SVT,17.37,9.09,7.47
88264,EPPCS,NSI,SVT,5.64,8.6,10.29
12864,HLP,Maths,EPPCS,5.75,10.94,12.71
43352,SVT,HGGSP,Physique-Chimie,12.75,15.04,17.35
31449,EPPCS,Physique-Chimie,SVT,15.84,8.73,16.4
72763,SES,HLP,NSI,9.06,16.65,7.18
61853,SVT,HLP,NSI,10.0,11.05,5.28
10479,HGGSP,Maths,LLCE-AMC,13.0,10.97,5.44
11656,HGGSP,LLCE-AMC,SES,14.97,14.62,8.23
26579,SVT,SES,HLP,7.4,8.27,17.33
25490,Maths,HGGSP,NSI,18.4,13.31,6.3
32941,Maths,LLCE-AMC,SVT,7.76,12.42,10.03
55790,LLCE-AMC,Physique-Chimie,SVT,15.12,12.51,17.85
62878,HGGSP,EPPCS,Physique-Chimie,16.22,16.24,15.76
72737,HGGSP,LLCE,NSI,10.24,8.38,9.69
77370,SVT,EPPCS,Maths,12.75,10.05,14.55
70488,Maths,HGGSP,LLCE-AMC,5.85,16.57,8.5
98081,EPPCS,HLP,LLCE,12.29,10.8,6.67
57541,LLCE-AMC,NSI,SES,18.61,18.27,13.05
20436,EPPCS,NSI,LLCE-AMC,17.65,17.04,14.35
29139,SVT,Maths,NSI,13.2,9.67,9.81
59430,Maths,HGGSP,NSI,8.02,9.66,7.29
96398,NSI,EPPCS,SES,11.03,10.42,7.14
20651,Physique-Chimie,EPPCS,LLCE-AMC,5.97,9.24,17.3
16914,HLP,NSI,LLCE-AMC,6.08,10.82,13.16
91555,HGGSP,SVT,HLP,18.13,5.51,5.61
85871,HLP,SES,NSI,6.85,6.51,7.93
11665,LLCE-AMC,Physique-Chimie,NSI,17.62,12.45,9.65
94198,SVT,Maths,NSI,9.63,13.78,11.04
98966,HGGSP,HLP,SVT,13.5,13.49,18.32
61605,LLCE-AMC,HGGSP,LLCE,14.82,8.76,13.57
42531,HLP,Maths,Physique-Chimie,11.77,14.94,9.41
45504,Maths,HGGSP,Physique-Chimie,14.34,15.72,5.25
83591,NSI,SVT,HLP,11.74,15.98,9.02
97262,SVT,Maths,HLP,18.61,15.0,12.68
81792,EPPCS,Physique-Chimie,LLCE,18.57,11.14,12.55
63255,SVT,HGGSP,LLCE,10.85,5.59,9.2
75977,LLCE,Physique-Chimie,LLCE-AMC,16.61,16.06,13.08
88627,SVT,SES,LLCE-AMC,10.24,12.52,14.16
95268,EPPCS,HLP,Physique-Chimie,7.62,9.7,12.85
