[
    {
        "nom": "Mû",
        "image": "belier.png",
        "caractéristique": "Le seul Chevalier à savoir réparer les armures."
    },
    {
        "nom": "Aldébaran",
        "image": "taureau.png",
        "caractéristique": "Le plus puissant des Chevaliers au niveau de la force physique brute."
    },
    {
        "nom": "Saga",
        "image": "gemeaux.png",
        "caractéristique": "Saga est atteint de dédoublement de la personnalité et est un usurpateur du Grand Pope."
    },
    {
        "nom": "Deathmask",
        "image": "cancer.png",
        "caractéristique": "Sadique et sans pitié le pouvoir de Masque de Mort le relie au monde des morts."
    },
    {
        "nom": "Aiolia",
        "image": "lion.png",
        "caractéristique": "Jeune frère d'Aiolos."
    },
    {
        "nom": "Shaka",
        "image": "vierge.png",
        "caractéristique": "On dit de Shaka que est l'homme le plus proche de Dieu parce qu’il s’est éveillé à l’Arayashiki (le 8e sens)."
    },
    {
        "nom": "Dohko",
        "image": "balance.png",
        "caractéristique": "À 261 ans Dohko est l’un des seuls survivants de la dernière guerre sainte."
    },
    {
        "nom": "Milo",
        "image": "scorpion.png",
        "caractéristique": "Milo est un ami de Camus. Il sait faire preuve de compassion. Il peut stopper l’effet de son Aiguille Écarlate en pressant un point vital central qui stoppe l’hémorragie."
    },
    {
        "nom": "Aiolos",
        "image": "sagittaire.png",
        "caractéristique": "Frère ainé d’Aiolia il était pressenti par Shion pour lui succéder; mais il est exécuté successivement par Saga et Shura alors qu’il protégeait Athéna."
    },
    {
        "nom": "Shura",
        "image": "capricorne.png",
        "caractéristique": "Chevalier d’Or qui fut envoyé par le Grand Pope pour exécuter Aiolos."
    },
    {
        "nom": "Camus",
        "image": "verseau.png",
        "caractéristique": "Camus est surnommé le magicien de la glace et de l’eau en raison de sa parfaite maîtrise des attaques fondées sur le froid mais également à cause de son caractère."
    },
    {
        "nom": "Aphrodite",
        "image": "poisson.png",
        "caractéristique": "Aphrodite a tué Albior le maître de Shun sur l’île d’Andromède. Il se sert de roses pour attaquer."
    }
]
